<group name="windows,sysmon,">
<!-- Sysmon - Event 18: PipeEvent (Pipe Connected) by $(win.eventdata.image) -->
<rule id="117101" level="3">
<if_sid>61647</if_sid>
<field name="win.eventdata.RuleName">^technique_id=T1021.002,technique_name=SMB/Windows Admin Shares$</field>
<description>Sysmon - Event 18: PipeEvent (Pipe Connected) by $(win.eventdata.image)</description>
<mitre>
<id>T1021</id>
</mitre>
<options>no_full_log</options>
<group>sysmon_event_18,</group>
</rule>
<!-- Sysmon - Event 18: PipeEvent (Pipe Connected) by $(win.eventdata.image) -->
<rule id="117102" level="3">
<if_sid>61647</if_sid>
<field name="win.eventdata.RuleName">^technique_id=T1055; Possible Cobalt Strike post-exploitation jobs.$</field>
<description>Sysmon - Event 18: PipeEvent (Pipe Connected) by $(win.eventdata.image)</description>
<mitre>
<id>T1055</id>
</mitre>
<options>no_full_log</options>
<group>sysmon_event_18,</group>
</rule>
<!-- Sysmon - Event 18: PipeEvent (Pipe Connected) by $(win.eventdata.image) -->
<rule id="117103" level="3">
<if_sid>61647</if_sid>
<field name="win.eventdata.RuleName">^technique_id=T1021.004,technique_name=Remote Services: SSH$</field>
<description>Sysmon - Event 18: PipeEvent (Pipe Connected) by $(win.eventdata.image)</description>
<mitre>
<id>T1021</id>
</mitre>
<options>no_full_log</options>
<group>sysmon_event_18,</group>
</rule>
<!-- Sysmon - Event 18: PipeEvent (Pipe Connected) by $(win.eventdata.image) -->
<rule id="117104" level="3">
<if_sid>61647</if_sid>
<field name="win.eventdata.RuleName">^technique_id=T1059.001,technique_name=PowerShell$</field>
<description>Sysmon - Event 18: PipeEvent (Pipe Connected) by $(win.eventdata.image)</description>
<mitre>
<id>T1059</id>
</mitre>
<options>no_full_log</options>
<group>sysmon_event_18,</group>
</rule>
<!-- Sysmon - Event 18: PipeEvent (Pipe Connected) by $(win.eventdata.image) -->
<rule id="117105" level="3">
<if_sid>61647</if_sid>
<field name="win.eventdata.RuleName">^technique_id=T1049,technique_name=System Network Connections Discovery$</field>
<description>Sysmon - Event 18: PipeEvent (Pipe Connected) by $(win.eventdata.image)</description>
<mitre>
<id>T1049</id>
</mitre>
<options>no_full_log</options>
<group>sysmon_event_18,</group>
</rule>
<!-- Sysmon - Event 18: PipeEvent (Pipe Connected) by $(win.eventdata.image) -->
<rule id="117106" level="3">
<if_sid>61647</if_sid>
<field name="win.eventdata.RuleName">^technique_id=T1033,technique_name=System Owner/User Discovery$</field>
<description>Sysmon - Event 18: PipeEvent (Pipe Connected) by $(win.eventdata.image)</description>
<mitre>
<id>T1033</id>
</mitre>
<options>no_full_log</options>
<group>sysmon_event_18,</group>
</rule>
</group>
